{"scaler": {"mean": [0.3000412711514651, 0.3000412711514651, 0.306231943871234, 0.306231943871234, 0.3000412711514651, 0.3000412711514651, 0.306231943871234, 0.306231943871234, 0.29385059843169625, 0.29385059843169625, 0.306231943871234, 0.306231943871234, 0.3000412711514651, 0.3000412711514651, 0.306231943871234, 0.306231943871234, 0.3000412711514651, 0.3000412711514651], "scale": [0.45827557949041775, 0.4582755794904177, 0.46092726153274916, 0.46092726153274916, 0.4582755794904177, 0.45827557949041775, 0.46092726153274916, 0.46092726153274916, 0.4555243398908891, 0.4555243398908891, 0.46092726153274916, 0.46092726153274916, 0.45827557949041775, 0.4582755794904177, 0.46092726153274927, 0.46092726153274927, 0.4582755794904177, 0.4582755794904177]}, "lr_xwins": {"coef": [0.07888223070484206, -0.054787513998685554, -0.1398189093330047, 0.11025047243036658, 0.07888223070484174, -0.05478751399868536, -0.13981890933300486, 0.11025047243036658, 0.0324082408045357, -0.44182517230327045, -0.1398189093330042, 0.1102504724303662, 0.07888223070484188, -0.05478751399868551, -0.13981890933300448, 0.11025047243036622, 0.07888223070484168, -0.05478751399868506], "intercept": 1.2411665221963344}, "lr_draw": {"coef": [-0.047349405675408955, 0.0064464949775058615, 0.07838781962006088, -0.05216956131554762, -0.047349405675408976, 0.00644649497750599, 0.07838781962006088, -0.052169561315547605, 0.09283989366196078, 0.4047802701531406, 0.078387819620061, -0.05216956131554774, -0.04734940567540919, 0.0064464949775057965, 0.07838781962006096, -0.05216956131554778, -0.04734940567540924, 0.0064464949775058025], "intercept": -1.5711368405920152}}